Battery_SOC,Power_Demand,Renewable_Generation,Energy_Price,Action
48,42.3140581130854,41.62547979904643,0.2011315838552567,2
69,47.00204400932617,2.947895300392461,0.21815761296068992,2
38,24.18699253036855,3.417256269539143,0.05912601863374189,2
33,40.60267767858093,49.28071217191497,0.3625498806070242,1
97,45.25148459096953,46.46754205787481,0.31734684157156273,0
89,23.313330570090514,47.5516904087317,0.24027391321860447,0
0,38.494325302565954,3.3832217018796076,0.43040273073045043,0
62,11.669608038549645,23.864337363994842,0.3327129920298859,1
29,34.111693208787955,18.646781630168224,0.4669036222263271,2
58,12.617869018372192,36.93063955643515,0.1605154486129245,1
57,36.30858616232483,40.26130007645702,0.1619294072618452,1
87,15.069242133095306,31.679432657049954,0.3546714385296295,0
99,14.088572530200022,43.547254592333,0.21114514747278995,0
5,5.039348399903804,33.60901330123887,0.34982988433084744,1
21,28.146295757354917,34.624521419958754,0.17558433594129774,1
65,38.52200678782599,11.534811621092643,0.16950329730400782,2
53,25.4011208008666,20.243238315619504,0.07916432451106874,2
24,16.791295738509994,22.924938454289695,0.056054792076388076,1
94,31.550140919804466,24.889486296208446,0.36323445646610125,2
93,0.5056952959993533,15.9120779880844,0.1266589823337078,0
39,11.898140854045526,28.967062807171818,0.19922313385375845,1
15,6.903229756272139,7.803030206690654,0.2339756298581533,1
44,0.6934082152298626,49.20318486300383,0.41166798840610785,1
4,24.06090151846269,22.158999361263714,0.4049080747887079,0
96,46.446938150842534,4.421419260508736,0.20226390253859178,2
62,6.27842846806978,9.194090816553702,0.10148239784745063,1
12,35.472251052069296,34.71285300001743,0.32675629199728407,0
4,29.344023708788608,13.691063983301344,0.27845439032905095,0
10,6.296533725111702,12.073833294579245,0.20972245188286243,1
49,34.84912418533178,44.79633027101563,0.13079465720595979,1
66,5.534924474340485,37.63701808722309,0.1616480707150961,1
13,23.688901057561353,37.57170093206537,0.4356257431721295,1
64,3.657088717584056,25.798222394190653,0.46707490405107693,1
76,33.06761665025883,26.923370315548244,0.24917824584166653,2
25,13.849923438841394,14.21833015157401,0.13088805450968885,1
92,38.786735835184054,26.714294437546737,0.1024770413209271,2
20,21.650597385477514,25.867876834650595,0.4894398612034856,1
41,39.262887660466305,20.750374918655407,0.3701033866621659,2
12,24.857011136833577,42.97996078095486,0.28094114239781715,1
62,48.26932307838044,38.71516319251288,0.08053579750812545,2
48,7.039497469356515,19.349380329166316,0.32280487635780225,1
1,15.845496779275143,38.55312783499448,0.1512388982292836,1
53,20.68159747523286,19.088529386336937,0.38693199670098694,2
48,20.900564945596507,22.87284645656663,0.3486775418153883,1
44,1.973172957750996,9.012277359403221,0.06847674071726761,1
46,6.903925882037526,20.94887903920981,0.3314116380683686,1
21,8.85521809283681,4.234518438037693,0.42485680019461264,2
62,29.13618577655293,32.077954422107645,0.20987577091742854,1
66,46.81943837608181,5.426949164203787,0.09588708986237995,2
35,20.906077052497857,25.175642957332357,0.1024164828269844,1
90,6.064722804827816,47.9232366443534,0.16188116385951062,0
52,0.49160496002123577,8.535240482720358,0.33388712635613327,1
28,26.815925289268762,17.357015277949994,0.25601422614120967,2
59,27.003885160705355,0.2561487715275257,0.22059921610735833,2
7,41.589223648474736,0.5846504051898183,0.06794194509801674,0
8,2.456007769074231,46.95578939234416,0.24035244901117436,1
69,25.239786987243807,1.0487997240103297,0.12692414930385548,2
10,41.19424581598298,1.5033618277762395,0.49947344665990534,0
29,23.07569774944998,44.94248696732105,0.44097999370207613,1
79,29.18091761055701,24.15827349740558,0.3987528332461702,2
83,10.61549970468017,27.70223618802995,0.18172010675913464,0
94,22.365674402265235,29.69682285184764,0.1905657572173452,0
33,33.5191229198701,38.66289159746258,0.14381420713618545,1
25,15.329306492060319,42.86040073562166,0.30402904297992617,1
59,40.55573499153616,30.914325092239775,0.2001226243584423,2
64,49.742537807294354,42.051688839798935,0.1002442961232424,2
95,39.73604639617642,24.018952070036942,0.13390028513463803,2
93,17.650421384173253,35.74343917594366,0.2787655730392739,0
63,36.50980146900456,29.03389822758603,0.47788909913647065,2
74,7.433960013210034,38.84908755907873,0.49435654686034036,1
43,22.665974616594415,37.14751952487549,0.12218481312704982,1
64,31.97874477401163,42.70335259890869,0.42924074471966656,1
47,2.5938463185388336,38.86727331617813,0.3038826982091821,1
26,22.864246363640632,47.63350652182462,0.41660960179330886,1
3,31.314777658070614,25.94325162817144,0.38142050291425966,0
25,27.47248085282306,24.971151229863843,0.38463620337738,2
88,4.7552717708140015,10.1309904302338,0.13615766155200737,0
16,24.48751734865087,0.06988952682582261,0.4087083187251935,0
94,49.32134534248196,7.834397799445098,0.35940710883292215,2
93,48.645585279511224,35.646862976435735,0.3026372572162272,2
64,19.937185844194776,20.966781902192405,0.3639949880671275,1
99,15.737314742573878,31.046976671038717,0.24528859891732807,0
81,7.493619424278597,3.4226419449309264,0.39137208910407606,2
97,0.6678347017050668,7.03723777486398,0.4398365322015331,0
74,14.328928415629827,20.091595486319225,0.26342728633597345,1
82,47.73847717655417,0.8066667717568476,0.07127048706088264,2
31,46.9513860118406,19.09898711511965,0.20604693308533983,2
35,7.374632780249735,36.027159775163796,0.10760141493218248,1
25,36.10546834532827,41.03456691924652,0.4246186198898386,1
96,47.41972429681464,31.07109131445644,0.13224467782496668,2
34,35.09278625104181,44.44091626894485,0.2724189012570194,1
98,19.58333647957274,23.2632697967139,0.23199940973078043,0
59,41.58203119487848,11.28521922320988,0.38437895665436533,2
0,17.702732301621776,32.081369535343605,0.4000790986145057,1
25,38.37467095431589,13.953770784941465,0.21274269350911568,2
24,23.332270886788642,41.205730016420205,0.17191524754714993,1
80,12.027585634488508,15.276770421437375,0.06118682178204771,0
47,33.16983173117449,11.781604991192152,0.1518642631851314,2
65,10.07050894208888,49.70170683467919,0.2006444835146518,1
59,45.312928851540676,21.45683318074214,0.11748156509399918,2
55,10.059699648882026,14.209014276467325,0.3500632733900572,1
22,19.821862430276205,33.19018986130512,0.3152485292448931,1
91,46.43720243562852,17.844818161459962,0.36398003699251047,2
86,25.310229672531115,24.83250359041852,0.33361098721703836,2
79,1.7849296798593761,20.055291520589524,0.32094071575667815,1
82,41.00707588587874,5.365905866420584,0.3701127808346712,2
67,39.504158491317185,38.98975417618378,0.44701007379023866,2
58,37.403010974104845,2.1496982474724593,0.3527684991820003,2
28,33.01981800519305,18.03341633810436,0.47376114853758444,2
59,34.62226718542776,40.825258577986354,0.23255429270868022,1
36,41.517154113514124,26.334594681291968,0.35226263334584745,2
56,3.8210473414009183,39.512297350437606,0.4563556095913801,1
31,27.812478746930086,16.086084408805924,0.2434502301818004,2
55,26.170713267448132,16.058519827863705,0.22322850875207934,2
39,8.12746730927757,47.743019326100686,0.33552409204490924,1
5,5.075706728894136,8.132297454463133,0.11411035566215871,1
40,36.957594614115024,21.345525233487432,0.4184419267269277,2
97,22.06107559984847,32.54249528133168,0.2910936371810225,0
88,30.547100935377685,3.7294508193222944,0.4432337269566286,2
54,8.550195955678348,48.181177443026904,0.4629836019369154,1
5,35.84193516212257,0.4529509675910204,0.2298952201385397,0
28,48.82086247164558,24.106957892963564,0.06467360741510662,2
3,43.49176022800758,49.733584994914956,0.3656915201560416,1
11,49.54524410347456,33.859356367822,0.4967805753732345,0
44,15.73333720613817,24.882419224359225,0.07616170157253455,1
40,9.163621233114977,48.71409822499502,0.39941609367533154,1
28,13.741052014673166,39.57562764489651,0.11319585702920859,1
49,38.56267689943243,45.51729653604467,0.08080481662634212,1
36,5.6422507159013255,23.01646254707229,0.09426139008249246,1
64,42.663283625956296,31.338715949365202,0.3818031301121638,2
50,34.94974103066837,38.966046966102994,0.22308328653181153,1
72,41.32316149532537,11.71392913563723,0.4238246410037096,2
40,13.617657065507549,26.313111790254812,0.2223650635086452,1
0,43.39996213834753,5.70961587160696,0.28775683780062866,0
70,5.4725061476120995,0.5929108677010464,0.4063178391121206,2
94,41.50539810146447,20.909830760971975,0.2751346796377457,2
19,3.617010352960137,47.380123368395815,0.4086766735884116,1
67,3.1404294654594933,31.923268679795928,0.492847123405462,1
78,47.05593105690218,21.188746725093743,0.4747883161698665,2
63,18.61731202382731,49.52999152290195,0.3322849948160619,1
33,29.169746561430145,3.732372828013103,0.1529803538805366,2
93,32.48808097847639,9.155135650082352,0.4153409043852961,2
44,27.780549019296608,33.56768047254267,0.4827816298619015,1
70,46.659829110347786,3.774798897987952,0.07134266305904965,2
21,40.07785710475645,38.23172706730391,0.10087795716163978,2
39,47.665505154364155,33.36783958619757,0.46256907075538933,2
54,2.8395777991160056,9.01475857075163,0.44594798873214336,1
51,8.244972578646086,22.62718636189857,0.4193639230085729,1
64,27.020379247172148,49.565589848170106,0.36442982022490367,1
89,41.930138506470044,21.661177843697114,0.49688437281247744,2
77,10.259663988253026,39.65076545399288,0.46721066385844384,1
93,49.792887260017366,40.532811180967684,0.3689427137089231,2
28,45.09367461012042,23.32615711651812,0.062451108050274914,2
25,21.699801360472158,16.231862888011083,0.1300732555358712,2
29,27.865708009275824,17.170764545261296,0.316107080303051,2
97,37.827305320174695,5.41449517376612,0.32571046716235597,2
99,0.7196141637170639,23.121945789447395,0.16133512978360023,0
42,26.91409562754594,45.25818847278768,0.49470829888410434,1
75,0.06463899327752709,30.429136195602208,0.07434802440142323,1
84,34.22984204018526,31.64701166686586,0.061992867020736836,2
22,36.32603932757443,39.47387698528505,0.4754739499681384,1
9,27.58922750822691,35.213100302111066,0.19616116341808082,1
88,39.51676978359984,30.53792030852544,0.4596939891090328,2
11,14.59421270322911,25.010772421015403,0.4788512687217256,1
9,20.815439539893898,49.833359774056866,0.10541609184570577,1
44,28.386244821194275,29.37477976509566,0.41091591459285304,1
90,39.584090087116344,25.49194182698587,0.06071892166163893,2
52,24.534492464729297,26.05740900629189,0.41004070180799534,1
42,25.05431761544038,14.808402370404112,0.4794131542089621,2
12,2.6672121109947877,6.005998614142705,0.37615602852687574,1
87,14.950373611085876,43.334538734233135,0.2932516556056045,0
10,10.450899390061263,16.922771057133275,0.09483306332155875,1
90,38.3698421518433,21.252630500973247,0.38294840977743033,2
81,37.77555488747417,21.105677123670734,0.4233433193558162,2
19,39.66693544325887,45.46881673794657,0.32585582882704184,1
52,46.882114874022804,17.51585535735081,0.1618833972189795,2
24,24.593022436030466,33.08945910871613,0.30991055370895537,1
83,12.893683480081176,4.815114589530056,0.2535668569205492,2
41,30.197471187479096,13.56083849005769,0.2630233742494711,2
78,8.551010064823561,47.52890571346523,0.42867926880019175,1
71,33.14200102985643,43.79005058865347,0.49484700923447056,1
65,0.16993634017826165,25.34193172141522,0.2539230637059374,1
49,10.555848427202136,44.69893162876661,0.37601414797101773,1
19,46.56649651974713,35.864017422646114,0.4004221640286733,0
15,23.69971087694499,3.331773372053953,0.34663850714182065,0
13,39.38491821353876,35.672131180451636,0.46887366707894707,0
4,45.57564646419758,37.73491862209509,0.44256438898222866,0
15,18.942825772520035,4.372321174737426,0.4458702616582759,0
73,24.09514373102637,13.584092872007913,0.37334754422519345,2
82,37.94157414321563,8.996329698174987,0.12835816720325854,2
65,8.603261520072907,30.974259951092925,0.45793502609085845,1
79,23.648905876855476,48.18678413956027,0.30450778595874756,1
73,32.48289080927737,4.2199611493817235,0.14011052877879132,2
85,33.43684709707579,3.456525784309117,0.3916999142119215,2
54,10.78886749053612,33.93059691007279,0.06417459899034805,1
64,14.221449184828455,21.07755444591934,0.4098885254849008,1
98,38.28337140281519,39.53258713284905,0.26549048965039634,0
39,24.73866795419338,46.25536102525389,0.08131072042393794,1
29,29.76192295550122,35.83100353640023,0.48872778546629864,1
98,18.722522771773175,37.17362831705831,0.1415360341375878,0
77,13.045879902532459,34.891511020663735,0.16269145544851532,1
73,48.99164147335594,27.988750539768887,0.43877133772165083,2
21,29.729400467059,4.059934218479533,0.17942369079870257,2
52,7.088927989325117,32.82182266915823,0.12092803485631677,1
26,12.780137764018473,34.06487578381386,0.4728356077534083,1
26,6.041726012491521,40.19934304864287,0.3556169714433124,1
41,45.39778206132678,11.013011864419836,0.22891999139715907,2
89,21.227065043908976,22.907179906491475,0.2684928713002413,0
67,21.765481732494113,18.866946928554967,0.2624276891227285,2
28,22.11813645902852,31.625251274486725,0.0852838750834321,1
81,39.97507630240445,22.20086342211345,0.18839458563508016,2
83,11.609999883262212,31.20482135159333,0.2481178472817523,0
38,45.63839125673323,30.482252301985664,0.19416431949198626,2
18,27.99433456492152,23.43413009574134,0.4147200074082399,0
50,25.951582245949865,25.57361436699811,0.4135109062685753,2
0,40.15923239390635,47.73000886258752,0.1730268741786204,1
43,16.237396792049864,9.824292364837984,0.33147153103987737,2
30,27.09417106343823,33.27715443905935,0.4851263099588307,1
42,34.35384539167634,0.7385138428653182,0.35171022459505513,2
68,8.967722290073565,17.765054396381906,0.3405307085530518,1
12,40.973395294099966,17.730777257710816,0.425541585677915,0
47,13.225613896957816,13.171757316546673,0.4779463860658964,2
48,37.11798543406608,41.21874226200274,0.08438235199872449,1
9,24.669765470421396,8.073203046433369,0.4398278166693183,0
38,5.5144785035474815,44.02178137055671,0.1491486583428025,1
73,35.293886031170466,22.74217309084909,0.09713006031499971,2
1,15.199940215376545,24.03761068373786,0.08335202583625126,1
49,7.356853616915076,24.98729456066439,0.07283443030630281,1
47,1.1885665515684318,27.232715513428325,0.09309050531995369,1
56,23.82315377645095,26.62624928703397,0.39017922411708605,1
84,9.826127656594336,38.38692507933042,0.27034335344645255,0
90,19.22697614788679,2.5072700896220432,0.13087361748342524,2
10,22.33705067048003,33.54558266405523,0.4518643248428368,1
76,22.642400323203365,9.78027084226457,0.20480006455945265,2
86,17.567044232767355,17.52415755175527,0.31412372360538715,2
87,49.585160983333196,8.60295306219085,0.2589344394467879,2
14,43.8254503535428,45.74151119594543,0.10191648578405083,1
32,23.477297190333317,37.82146353832744,0.45418496626690447,1
72,45.822422150445156,21.158256743459837,0.1945275740689486,2
9,17.243182046302014,29.66905155463369,0.37556377687158055,1
62,1.0142091730105607,29.52796496129982,0.45450161826839885,1
39,14.378638246533143,43.120348654966136,0.28002397736945034,1
43,21.2734754373369,7.13618717449655,0.45092943476379244,2
39,2.4090406102435735,17.88126409016868,0.3858808011486583,1
78,26.413813307800982,32.78334690026303,0.2166567698883064,1
0,38.34844605545459,32.19836913498278,0.374433521653517,0
90,44.45354997078812,23.49124219162774,0.3031041772909981,2
40,38.75176816850374,24.58451968854271,0.1825654240242096,2
0,38.53540856841872,10.729699042875934,0.451880644255091,0
61,13.168939730192431,39.227226186495834,0.08495049991049061,1
54,48.68269891291549,19.314034966847775,0.11134110400576402,2
77,22.285312058319214,10.885412207107642,0.2899066746628944,2
42,38.99852140075033,23.214511106525915,0.2826590638895465,2
68,13.16794118205702,23.1294648861036,0.10671342862358715,1
91,40.17893690173719,25.673183642883334,0.20202516009233057,2
5,16.76090316230153,13.168692677915894,0.2111694146331296,0
54,44.74847916856509,16.21228088313098,0.19636605978874583,2
79,9.206512811302868,43.9585272438348,0.07960801142465845,1
74,16.460902767844605,28.215731036390103,0.24392081970827661,1
71,4.231487069249002,17.523390008550198,0.06072290426544617,1
33,36.70957633321904,45.26634924030935,0.21397361316190378,1
75,33.63138252595506,27.107973890284004,0.4217805937168105,2
36,5.215298015032088,46.7373254656113,0.09846903383496422,1
91,10.836264935068924,46.21570556299402,0.08340552161014195,0
65,45.98748234245022,44.42077503751083,0.07470002126718127,2
9,45.12983621391791,38.43034792297902,0.4485695730908423,0
74,43.75888135462888,6.108970485527276,0.15235078986342013,2
26,23.963715045466365,41.61364874721689,0.085836637300161,1
33,47.16431589368068,6.40576645748196,0.25944043066056915,2
17,47.70066417745296,4.782712666339595,0.49477332551020914,0
64,45.95305485171245,49.283638064245956,0.25167996852969815,1
2,36.20906203981725,24.114540860836104,0.3884892088868356,0
47,39.89702377654954,34.76695325428915,0.17115352668032094,2
99,27.971137759375274,22.266868815674236,0.4694424016538462,2
74,29.82389574989725,44.43062948551957,0.292988818127539,1
69,15.200796351559005,38.45262132437164,0.44254799675446366,1
4,40.00854890603435,20.650189555872,0.46639467969284115,0
65,15.26345233558255,27.566996167538754,0.46646817901832893,1
88,14.148017249114158,2.6356311727813333,0.4857976704264772,2
30,33.683662639541055,11.805456887004318,0.36116019705068414,2
91,16.017327083523764,5.332202919569262,0.4073846241241353,2
96,34.55375968273256,2.101644282444992,0.18851102519700924,2
5,41.37053598387462,31.771933811106756,0.2965959167688466,0
42,8.640489222833182,31.334872851332584,0.4181163504926126,1
76,20.077412141300726,46.50023513194598,0.18010874251469827,1
64,9.2124698852322,17.797798963282247,0.09299209941269465,1
3,24.818803791154114,22.945948197536154,0.38970850018555864,0
85,7.9078703166088395,29.20113425147846,0.31188313896468944,0
22,33.72973016352641,38.25884088021663,0.10925736600632116,1
18,23.014640312679912,21.977381604177403,0.3457959400094073,0
6,19.776302720717727,44.320548618432866,0.4109185036776766,1
44,46.018640362624915,7.520504264590688,0.4912184316282337,2
18,18.82468780318976,17.292496434206395,0.1223930100624713,0
57,7.108811883664407,49.25121069824225,0.196506638250679,1
23,21.61134035950986,44.26965318204018,0.3088231484498872,1
52,35.860199311489644,22.762921467207022,0.4079594516159744,2
72,20.964346440823693,10.212115572908214,0.4460303269877621,2
48,30.192776626158164,34.09759403419081,0.17480997051869518,1
46,30.30329780402208,2.04740475471033,0.06896593661786782,2
2,26.94927606711538,41.980802750317785,0.45211671026507133,1
51,35.65227916392242,23.91109006793658,0.1309429564373638,2
84,16.48220672399954,7.75022832544745,0.38930869163529885,2
29,48.89330460504152,21.334177078488775,0.42790332386928137,2
54,1.8965814517830692,44.541685155838266,0.08232420687232175,1
18,24.57624870497337,43.7895922601128,0.42085086708548797,1
57,31.35648981628209,19.397841563830294,0.31941875964927224,2
92,44.91266521021734,3.500574581046684,0.45468964696097114,2
100,19.0603979576893,23.281497866773996,0.1772330490689048,0
80,25.37088709391205,19.646737654293737,0.48373317179891717,2
67,34.545670511484964,9.358742837347773,0.15597574028737632,2
10,29.659371484217832,15.919980974042474,0.3832577248252678,0
43,13.240659745014554,12.677745887703578,0.4203489597400361,2
80,35.26929181039916,36.815110826490056,0.4268241242920407,0
2,3.251591836853013,7.213566461572773,0.2291499695561613,1
10,34.58529293679975,12.55985838419501,0.24367225118236518,0
62,32.23397323555245,25.6188015311267,0.302430189972072,2
22,35.10225618407968,27.6470479610666,0.21130478883348508,2
80,2.242468695317151,24.74081441856841,0.15066183742534126,0
27,24.89521338109089,3.362387734167527,0.4992205590667354,2
14,30.85520909708676,41.89739153468737,0.21873993617039034,1
55,49.092039792790146,27.91869157465183,0.4709358338845216,2
22,43.5386398792612,38.66078862237444,0.23239656023071564,2
6,27.23900532650434,35.102381579138004,0.4849357309030195,1
38,5.160737533406168,6.000534130134633,0.08327735273300094,1
36,11.381917615573789,49.5379453771704,0.365707414477163,1
1,2.4318233054279217,15.028046266057359,0.35813751776849473,1
32,34.45719290581799,43.03433289097004,0.4639174290848433,1
98,0.516617562453342,24.199298100110827,0.2685939663618429,0
81,37.66260842441952,15.030595341374486,0.17903993158761877,2
65,33.96914440856443,1.287122508776739,0.38343463699883984,2
30,13.838560288643254,42.558683879635915,0.25582278584512624,1
19,30.89124410355344,12.790907520131684,0.17302437139291463,0
86,29.457277072682537,37.3152588785699,0.30115840649788733,0
20,34.7845920303684,36.470554300714646,0.2474285899128837,1
12,29.40180329847104,41.98764482622211,0.29682530251362355,1
83,42.76419847490975,34.15090296642821,0.4634110162145231,2
86,24.9817058853068,18.87562134359292,0.09233710448882318,2
38,27.447804493445542,7.480479592008016,0.40022066781826404,2
14,1.665214951053906,30.38834148602944,0.18254880601672002,1
56,7.666925987282408,22.448767826013853,0.4652274693212813,1
82,8.11605662135571,4.476842151556049,0.37345435777092856,2
68,30.278684385247097,37.94345039058704,0.13954424490010403,1
21,11.982971006651205,23.462672921440713,0.2761733097694964,1
91,40.426276569546204,42.914648828014634,0.233836242365685,0
18,16.202402449813103,17.520037100151647,0.21624108610826676,1
8,49.08108460417218,36.54174839255998,0.09210906739481127,0
62,8.334786840527475,43.53263566406535,0.4147751432052707,1
65,9.274562819986244,36.87999089184098,0.3908651796210393,1
66,3.7387638493501574,11.274620292193049,0.19086984935793805,1
37,24.663948140937336,6.957064534435181,0.05164099029027369,2
62,44.43989467975524,45.27646990123953,0.3699865494802534,1
40,20.476786562562694,23.398657358105833,0.4695256819024988,1
96,28.859590905753223,11.27930043658707,0.18627156867090905,2
41,3.55626406385815,27.40496664761496,0.31824775358299295,1
47,37.39054126697658,42.21478110090007,0.45876531377632496,1
60,3.8751450156254363,3.7602866265704527,0.06764095400077359,2
37,4.610393178542877,1.0934425286665328,0.15885589773803477,2
73,10.186186206176068,18.40367232681082,0.2594860676278833,1
12,15.637221837080666,1.9774882088287316,0.36741321426003526,0
40,48.691592368863994,6.227368789760856,0.4861464409406632,2
16,24.491003522195776,23.82917174450795,0.38390118058011824,0
85,12.502043477692443,47.72136876578932,0.4898676349131013,0
85,35.08372998848219,0.785386008248723,0.39855189179312084,2
76,19.67479160183072,39.40042996535373,0.26475844404811555,1
70,18.878591885292057,31.860969482647516,0.14734582546385286,1
16,35.48719529763424,24.531626651556643,0.293016890636115,0
48,18.838336792646153,16.308367896484953,0.3496671691324582,2
95,14.508097898464667,36.1237838265291,0.2726881431674378,0
84,27.125949999428574,1.9697700815686336,0.36214665705093635,2
76,40.75403769354334,48.44507719454283,0.3548690061298479,1
72,47.37475320770153,49.18008878889661,0.34524052778846265,1
89,11.49936723568445,30.963644567175997,0.1226797708977516,0
37,28.812889129157266,44.02332945671535,0.12570756127345983,1
28,13.067060097253853,17.618294037819105,0.30018746198525126,1
14,24.793044391967058,24.02018123490742,0.41582535601032317,0
80,23.661996078414372,2.3919981163533057,0.23049547170847312,2
85,21.498437522919804,10.318815404968829,0.31765757374670134,2
55,33.012055778653924,14.867471441619145,0.4453974232776382,2
4,39.34487782403887,16.542423647778325,0.17504846526843693,0
83,39.44807651785368,35.79131518561838,0.4730106425382737,2
12,35.29489745151489,37.84903449922391,0.05384039539299637,1
13,12.62051790123127,48.95518488048099,0.4420866415347781,1
73,45.12753411114907,43.56761660791628,0.370183398020411,2
92,36.32145274622795,7.8434092211219495,0.06814897981121146,2
20,44.646348869903385,15.278106984326229,0.4633072547039807,0
34,35.485993102303105,6.371917366852436,0.37136891851752163,2
55,20.039044301963994,29.61822322753068,0.27835769152780065,1
28,24.164945689320156,22.231829771064643,0.4807375916563897,2
58,6.539298422251622,39.99353943094163,0.23422043740465914,1
21,41.46366917563042,19.50844833869867,0.36678111019173515,2
99,29.74892957269748,16.14586120638513,0.18522793882870453,2
75,30.723462682074132,19.479292958143784,0.44322725810443037,2
60,27.663252819646374,32.27872119737617,0.4862595912710438,1
16,0.0642052059686482,3.6428392257337516,0.34817016206619944,1
46,3.1706645748381614,24.275933685523544,0.1713926050560027,1
42,17.55690908216027,46.76984640735425,0.44975489408846997,1
25,13.637967172468358,39.1451586570844,0.28709265181659505,1
75,43.70128339179462,2.136919383795066,0.25750594457951304,2
18,14.185800125811248,41.63698917749372,0.45620460045006145,1
47,40.498659318532134,21.637635930225365,0.24226807325745353,2
89,44.74422191286476,5.212769409330242,0.06816590314929535,2
45,11.525783105287173,2.5606610887396797,0.40169535438254295,2
36,29.64695624563307,32.867089837331015,0.37015229726331805,1
47,19.89463368219251,24.688117832104734,0.43032740407592174,1
5,24.595743010999406,27.497947427424705,0.2162901816029963,1
13,2.8862861857857913,27.529077367805087,0.12455191478042246,1
93,18.0009094737326,15.256116070485632,0.49578500988926627,2
77,15.956347824364297,13.521527042160086,0.18815770260273074,2
58,12.085486090095577,42.2042748652042,0.2335684289303151,1
53,19.937904055567106,8.453946394886241,0.22854452788644042,2
88,37.04282003395365,23.07715767603288,0.122795150489622,2
81,5.804290492676051,0.8063059399966765,0.11866847576726701,2
73,32.17938130608613,23.52462237968293,0.4235553096799621,2
76,43.825604278168285,45.20009012494384,0.38283292833330934,1
39,36.28018967386587,36.398354746337944,0.40316759535038166,1
89,13.059300957677777,40.10781864631335,0.4712181857176148,0
30,5.998518675477782,41.98944939746373,0.1322574464699165,1
4,3.8726469655688156,5.678437309735679,0.48197942982633796,1
45,45.99868678192292,20.78793120071204,0.3139750754337063,2
77,46.126403863461015,46.54161293351884,0.30906231767575343,1
90,25.260532570863436,47.76745707367128,0.08682347139410954,0
44,36.67412482121561,43.27310702609493,0.1056417875662932,1
43,31.710047329094422,10.377393237895994,0.14989963013091495,2
13,41.48205285941414,47.3583605567481,0.3173683920328725,1
6,2.5068521174467007,39.49035198316119,0.10063443133747321,1
72,30.510549926095937,41.8155911994512,0.11453300979398563,1
60,46.72529995273444,41.11383494048715,0.3526060671196494,2
50,12.006885125716677,45.5180036846496,0.21670866167312114,1
98,48.03457335605363,3.7046230492709165,0.21950163402675543,2
80,25.729045069566858,27.625858899327444,0.1581378424065356,0
4,17.4153291677775,11.799595892619413,0.35700339391820274,0
42,47.15576904033487,10.683655454036867,0.26849734586255414,2
75,22.582544276242402,36.17069587080562,0.13501966859010436,1
54,13.036131288060416,17.942374795655137,0.13367708218209262,1
73,3.170003453624931,16.844800577724232,0.3952305796801774,1
8,30.2515680064415,14.237853777546217,0.1966526066281732,0
37,18.208049955165734,19.861152799231373,0.3232423823061053,1
23,49.69699409308583,33.16857874341157,0.22741982958547857,2
30,39.92974463246188,6.555918856154302,0.38101070248189794,2
88,44.5365535877729,22.151513501314568,0.21147382768499007,2
18,19.702465401287412,31.56235492694118,0.30695981413520285,1
36,8.05283463975554,8.839695465320336,0.3000044365025889,1
69,30.16967667839175,37.98737287070179,0.30800548405039896,1
98,32.808817728261964,26.424333733326787,0.4065460699888246,2
34,11.549231274681931,47.69212493702994,0.4002736879994125,1
61,12.934373005891104,45.4570254955513,0.23910084697223632,1
33,30.503989282081328,20.535078207471756,0.479587907861337,2
68,35.65879305367423,21.773638630893732,0.171686370463505,2
10,18.849808891398183,34.16851080485369,0.08604472224393547,1
3,19.65248645263744,11.373614645850116,0.4041548457380061,0
43,30.90804251707853,10.643335075548539,0.4072715558856626,2
11,7.0776311780011705,45.83541997564362,0.2849678338869422,1
10,46.983894729713306,22.315077360217444,0.4104155328056535,0
30,23.29041343157169,45.11505793158174,0.4537981486025748,1
80,7.6808410905041535,13.515093181115034,0.2882028720647512,0
80,17.38726356399498,13.370689219274007,0.16280583641429983,2
72,22.600490918605093,42.71378815975875,0.3397511115694936,1
84,36.15403900896825,13.69016773660961,0.17588522173143722,2
7,46.447104357045475,46.893265535701204,0.413855966596062,1
31,44.98075897254646,48.45279061591372,0.41023737659927006,1
19,48.10973844849437,22.265827747073985,0.13248719497001016,0
12,32.28566453709969,19.929473035227645,0.4476258766940069,0
10,22.758548189633427,30.669370915768823,0.35870969800391206,1
54,43.19161632271037,20.176023898238576,0.3866708965807983,2
4,48.708580875458594,37.98651119782934,0.10740317719733407,0
68,9.845299593112482,40.56425153307618,0.3875101243094691,1
12,49.80151472435294,45.21644697430758,0.407286790087892,0
42,7.301038918022601,8.1533300926938,0.050715918365687784,1
53,27.29487006354884,33.42517306021177,0.4146778399997669,1
87,15.397099436609441,2.6451389478353793,0.18985438337651173,2
81,26.49551533481721,21.50867661011046,0.39755629272845167,2
81,35.80220622642167,42.67543307721997,0.17978177591494154,0
31,49.58442209263907,11.282414658876,0.4375876894330868,2
81,16.992695636996725,26.318609735477448,0.3597037100124953,0
38,7.331474697443275,3.2727687941962733,0.0570420010551336,2
70,13.131778390365945,8.566070847000407,0.2562098057038875,2
49,31.57395767451203,30.778744362426508,0.455682429401001,2
11,15.897955920818319,33.68811807614343,0.25819696229126016,1
49,17.47707015843421,3.9334284544339626,0.3026628958417382,2
65,30.439473241313387,29.719001843205962,0.4167293647057408,2
68,37.110625300579095,45.96788723623347,0.45081462496498376,1
29,42.97039304109509,2.324124607508576,0.2223298433358527,2
15,6.478607067138864,42.414862696150266,0.44576290585792483,1
36,17.97871840368706,8.022137306309595,0.23311138675591042,2
81,28.203454386590955,12.427702075677477,0.14043219238851024,2
74,22.134357398787497,26.312095409535296,0.40461144852215014,1
0,40.62807347893626,26.368210409958355,0.13485591186718232,0
77,38.16730430415455,36.51169715267902,0.12930163992572513,2
7,33.27250936060713,9.353540977800872,0.49433706973089664,0
70,3.276609399232411,46.98920007603156,0.15640929965298234,1
58,41.83335556956943,20.46404201226178,0.14077234288945642,2
7,6.710645747528177,1.8936631620342148,0.08871533868683137,0
32,38.87411111969266,2.469770439957059,0.09438841536454665,2
61,40.61024688506279,2.3740997729759847,0.25993981270719535,2
97,22.547510265434518,34.14872597951798,0.20018231798162928,0
43,28.891465584604653,44.70119311984483,0.3564487246078523,1
75,44.92045401194431,41.75118435411985,0.1670552087867765,2
40,9.173410835978062,47.35300819393839,0.39876617366056744,1
22,15.791712912493615,49.589661938168895,0.4942821839884375,1
85,1.5969186440968897,39.09280956772452,0.2520786434128753,0
58,47.83544970263524,34.78624111356412,0.2755246868800487,2
17,6.054125812614542,9.054580664720458,0.39796792422931176,1
75,45.79105949562185,5.275836101926301,0.48486543355049494,2
71,9.041460901581576,38.275133913839454,0.4258168588449493,1
41,26.33769062905523,29.66446491402113,0.4814173299611762,1
71,6.0086867711998835,39.43647827421443,0.4049533042123584,1
33,2.8289822588543845,27.523772620279786,0.4304645801792047,1
76,7.271243745914951,12.350937343283825,0.3851845238522823,1
62,48.43814522790416,49.074822942215086,0.4268724449631498,1
92,5.614346514690843,37.020407197373395,0.07078885484696482,0
27,23.33947652257555,8.22244983331829,0.10898120783972154,2
90,41.282399252429556,40.65722502785496,0.3376239154973517,2
92,14.390161891111376,21.705152703855074,0.1522760503843065,0
75,45.37433789361217,41.436114540390626,0.42400771718929675,2
61,13.077776475545267,32.87736918406106,0.104520029225222,1
86,13.242944436368614,32.954270895945584,0.1692194208953534,0
33,49.37114349877631,48.55527627816016,0.3127929105707327,2
44,29.300210063613175,33.559283545388844,0.1540879411316105,1
83,40.9392591711066,49.74220882016813,0.3976714810214712,0
57,4.762988400467294,44.439668602229595,0.05032589221256781,1
8,30.037615054332107,29.784305401952842,0.40736807055881896,0
53,44.40457718537086,1.9632352063295944,0.44719357736319215,2
12,46.91642677128162,15.058641782293552,0.4408552704980258,0
35,35.666137328397944,47.78204599298377,0.38452187922047687,1
19,4.797790652017126,3.0935259737180587,0.4149793663798661,0
58,30.905615557877997,18.32128204525601,0.3241109201441836,2
54,22.39198169229856,31.631728727228897,0.12706371118753462,1
40,46.30772622010386,20.820302969553556,0.4954752757647849,2
46,29.131638935796506,17.67663263138092,0.4923210337938354,2
22,24.10319511235235,34.63489505667977,0.2886103673453476,1
9,32.217617052006645,29.004797027453044,0.06336299299553316,0
69,42.174026608438126,49.276421758044506,0.4393944243779027,1
95,28.383901659617116,14.018554363497609,0.26891495476757843,2
87,47.575840323970475,22.601126275914137,0.06359979701409069,2
91,47.77963612455806,30.30951487025001,0.45667410143161447,2
55,47.36598006574471,31.436939239808193,0.4139447115218654,2
33,40.97773940749831,30.944709438694613,0.19395100780792568,2
80,38.70934873724238,42.08447946191324,0.054802021928138545,0
19,43.9281261457709,44.06699540149622,0.11947687712810892,1
3,45.569551601593936,15.554612809615215,0.4702456918429076,0
1,47.19899659667908,43.23912444001783,0.11080045181215847,0
2,14.847882247590288,16.842412125689464,0.29517970002909993,1
42,39.73748159894073,33.54877097206838,0.28995387606402473,2
64,19.678253095943525,16.84633774512357,0.3836685305368781,2
81,44.99925134970697,17.95994779792035,0.13712363355418722,2
89,18.07105461136475,12.097797258783421,0.4424258940109262,2
25,35.119852987704306,49.493439710947534,0.07265357883103893,1
11,44.594636456989925,32.17741971749967,0.19600287050589604,0
14,13.476822195827577,38.54519228040533,0.09999526734550057,1
72,16.245399433340875,5.1714790006557765,0.38421852297888354,2
59,43.652761018200955,8.6737737609003,0.36601787991716705,2
6,2.996801008221739,15.036962417730148,0.28551214102870215,1
78,46.30643514141674,1.237014984437923,0.21977643130757168,2
37,46.066517433179925,21.01767875028199,0.10597833950877147,2
55,34.25684670115069,36.71340956290117,0.13505654568536826,1
48,9.34683514437505,33.47940217821541,0.21638568809282221,1
26,31.203861971157792,24.847248171981146,0.2584690675071428,2
23,5.834060747372338,18.31313823378148,0.21176203821276435,1
64,39.10301242174229,1.8215634157729643,0.2595168510024998,2
0,24.45256815166468,18.758573413933462,0.373705574636556,0
88,39.0507906021627,47.69661028624251,0.4121848284789176,0
4,4.718038517542222,29.665432729625785,0.3540528187833256,1
65,14.014297479921156,2.206686110985273,0.1819108228069236,2
27,16.18014035453571,38.77974616043724,0.4329545412036934,1
66,15.79206420658979,6.304986292895603,0.1730843191406026,2
49,20.729341765437546,44.46975066445463,0.37287268527070655,1
12,48.7289563538681,26.53990362631033,0.49492126772157363,0
49,22.568873307229197,45.258531440439455,0.3108232403905149,1
78,48.16766927101301,32.40036671590862,0.10576796789214882,2
97,47.63974488658566,38.62724457749538,0.30898288449485967,2
62,34.70998289782426,40.492915902271,0.1714101646065059,1
94,47.25810714492385,12.270168934608055,0.36216607456616207,2
26,49.49276506939254,8.88319145935092,0.2828932875229333,2
50,22.71059638320635,23.663876719666142,0.21086863981879544,1
60,45.45850170959015,47.61316692200139,0.39839842808932,1
54,40.10892677468211,2.2472650634788485,0.4201577752436896,2
28,15.973128150619182,30.04874036643599,0.41484309712865636,1
10,35.70552060055886,19.86714337127935,0.2829078999907425,0
29,34.71281551864813,11.580285710831618,0.30902924583093816,2
80,0.03403241542180302,28.523467584636663,0.3049325966771567,0
29,38.35468688741218,18.22171327146494,0.10918547776165803,2
73,8.486317067577104,9.725855928911036,0.0909886281926231,1
98,39.86961227829621,44.53050709249151,0.3867960654025122,0
100,46.79976729063862,29.5220084149239,0.12668463938046645,2
27,37.82470397439297,42.07409478059916,0.4267496796788054,1
59,7.049155064838769,44.58778289961477,0.26399285838841957,1
7,20.75054392618062,31.214209945365575,0.43801682470158426,1
81,37.78057147386416,28.816238575554337,0.3718403400911204,2
92,37.98242983680044,28.695738067259335,0.38028399490979226,2
77,19.6822338911066,41.651587187304564,0.2627121469511202,1
82,45.08972413908709,22.02836599706086,0.16407903208952865,2
40,18.11291633171541,38.44976019854692,0.3708979589878032,1
29,18.665994314153316,39.556132612261266,0.23096839681841785,1
86,21.86578695157051,5.307832683753633,0.4031850514525672,2
56,7.7365051378287415,25.51062735317865,0.07469325178335197,1
22,39.00713839963325,24.319676020333674,0.26139989948474934,2
97,38.944629366925106,46.4643684009725,0.2738217414476226,0
1,20.70216350885947,13.452373409510072,0.35367892117443206,0
40,31.167110918281537,28.848983533657407,0.2856831093968422,2
92,27.668044418305005,23.478278692397602,0.2151177983059357,2
97,37.54911908670017,11.251161068157185,0.22422220510418245,2
84,17.998158807609965,37.32378239446824,0.25088683345952834,0
60,29.802981447658304,25.68605037843474,0.4819890787362037,2
31,26.328120768319913,24.839171074738125,0.19196192839784565,2
16,26.32738486697089,21.746647505648127,0.1420217059544241,0
6,8.056991624890086,4.955001094268025,0.37462797543896587,0
90,23.98196353842937,49.98105237036604,0.4734312367788236,0
45,0.7819288325440099,14.602855819067639,0.16151420209505563,1
45,19.967764065198025,18.995671745141202,0.3505331591163186,2
3,28.748005482731088,11.740833600041118,0.4153404137415116,0
71,2.8972136035083085,22.010511238215262,0.2831556365295392,1
86,11.546154508326701,9.205091551203726,0.40392319535570775,2
98,36.04565773328187,5.204970345381998,0.20193010557054286,2
58,4.164593931724969,48.55815549008538,0.09773270839402265,1
67,21.15190287343506,10.104775306081287,0.23237862233911555,2
68,10.937443463776491,33.53614579808541,0.16063751561169928,1
1,30.9184854715182,48.33359597848932,0.362578034543626,1
10,41.508323767093614,34.097086331841126,0.05695125979427797,0
98,47.078490526069785,29.651026526543323,0.31961587301794353,2
57,7.823133822758249,30.614733534404447,0.45956014838283943,1
0,18.92292747373161,46.49608374643204,0.06710207490200942,1
11,22.734090525719385,5.311972196617932,0.47672584359145853,0
83,25.76789105844118,6.836036733354889,0.2832123577593356,2
5,39.82741893031493,0.28091481314277966,0.15257400204974594,0
69,16.654889243575305,44.75109278012968,0.3826018296567953,1
42,32.45459560487946,35.62863184381956,0.34280508597603443,1
42,46.82434480244772,43.693016536961835,0.26883300639782864,2
16,49.91964936620638,36.404375371115314,0.09519368800232036,0
51,22.566431961904478,32.1411890161812,0.40464360643313135,1
43,8.416169399015688,15.719327033081692,0.2435253314645371,1
67,10.842647148618955,17.914895510596846,0.4820966693814959,1
53,39.01474292862466,38.44119799763045,0.16902060749561582,2
50,15.001148102017575,12.478411967337944,0.26484973508811066,2
16,46.402809826770124,16.94598502130426,0.11980234379376156,0
35,28.261037348948996,40.305671404655335,0.3179238182355286,1
55,28.382945587790896,46.88239621322557,0.35039127312685275,1
47,22.91645448336645,39.61311101314143,0.4421820662977818,1
78,27.500687257413702,11.181751087427145,0.42387921758932245,2
65,13.819634728531721,44.771390793483015,0.3712376370969692,1
48,12.798054874411935,14.82859382021165,0.07953166332824256,1
28,10.746967189648988,40.983387939976836,0.43626031500545115,1
97,16.82247304449822,27.69534474745317,0.1495068812283758,0
18,11.963079666642113,24.30453381161245,0.05730758142324036,1
80,0.2829960681714927,21.611001702792354,0.35832925056823384,0
85,49.995100893613866,26.439514712640662,0.41092698807116584,2
20,26.861848449703267,5.3650471257541135,0.12400488069947116,0
61,8.444173739632493,1.2513964677643041,0.17596546223206072,2
20,45.02797635878043,29.788058279424153,0.23465687676644637,0
44,20.074194525590773,40.2554478267282,0.34331191080509477,1
36,32.976891271241,47.64846578654472,0.3004812342462047,1
62,38.45516215692698,2.109672220972719,0.06595245310881656,2
38,28.80384728145643,41.52031799536094,0.13675899342283962,1
69,20.589735082292403,15.824303216377261,0.28344576586692166,2
34,1.3536590977054674,6.676654389809827,0.43975552761740666,1
78,25.85350435719787,16.76638945161244,0.1597860587472713,2
44,42.796469090256714,1.7378914225891606,0.3364938386189045,2
12,14.400632588119722,20.10030416488531,0.20817337309506123,1
3,12.048025182797312,20.73910741498573,0.08347717106978322,1
66,39.90320811604071,24.889729029028185,0.39227312944956416,2
12,17.04676128320788,25.468522459992776,0.3416344026436353,1
25,48.18872093691693,36.484868609462225,0.3160782273131594,2
70,20.12730456793027,11.193426344328572,0.1496640363826227,2
62,7.405941723948933,45.25384638409544,0.14627128856883304,1
16,24.930029548747225,39.66876027779222,0.22608624007975853,1
84,3.4728564259443484,15.845889917487387,0.07595222791312987,0
20,22.449627566383747,7.774194723210876,0.18766750968567586,0
60,24.759460142677035,16.859130554565983,0.2542636097861138,2
94,30.26414368488152,5.02374131858247,0.4187962805686574,2
42,22.407208291957264,32.42274645006094,0.1822807389941385,1
68,32.248912598023445,46.488808529983736,0.3239513320799385,1
89,45.87933994755397,22.352628806179776,0.29055548982797347,2
20,42.42095100110871,44.87904135914073,0.20124638521076588,1
52,25.327092931395896,20.54846349986883,0.2334197017187853,2
34,29.393100964642606,36.004018148922455,0.20805965462723297,1
37,37.63539366086852,16.54945877797584,0.40984655705180023,2
61,7.1083677888824965,38.28907560458258,0.2172725862078248,1
62,23.110216997208767,16.164357611322238,0.4025497341773661,2
80,34.619873751097494,48.903289789338075,0.34546766470075324,0
43,21.810166147776794,9.366400112086593,0.11606945606707963,2
84,43.134425304479784,47.1269718879844,0.2312847390842263,0
4,24.447562962031217,0.9979581373635249,0.45019960822993155,0
50,17.398098486201885,49.47581054074829,0.326180722979844,1
25,45.77883895493084,31.450224066885607,0.40762290599729145,2
35,40.42277203983732,31.84146470807121,0.3876581487574035,2
12,34.90469799151456,6.533240434582282,0.3823048528046444,0
90,35.88973444027172,35.80606857697044,0.26805123904674905,2
79,24.184676590914044,29.85036912710415,0.055651113569089236,1
22,43.58137588813468,37.44405289553001,0.08491484794019871,2
6,49.45011898171953,48.598621406422424,0.34621705260184094,0
31,5.025999648920249,32.50249790804089,0.23950230224491176,1
93,27.108152995414837,11.701132942119102,0.38604626062059244,2
30,15.949379092550064,19.114925994017707,0.4232170734874097,1
24,36.728802745130054,8.09636750795908,0.27377515225040944,2
69,7.9928286206641,41.327840774980395,0.16318444175819363,1
87,35.68876183144247,29.61773982884867,0.3534048461326932,2
65,18.551053992229544,47.703059891257666,0.2971054700420123,1
3,10.154327958097342,26.6252070570438,0.4935037673276648,1
33,41.0350867801624,16.141528003540618,0.4931008208062385,2
5,39.426088860211436,31.05990689190457,0.44849133156715437,0
88,30.31190257505375,20.67505343346016,0.11628565451248786,2
27,0.04820988163940498,10.606991234108637,0.4085247552459213,1
7,46.611505423334,45.973519097954416,0.4582524437710124,0
96,4.304987792897158,41.49864638329345,0.2556646285658864,0
36,14.336158152534468,13.718664625816752,0.09646234220154049,2
69,25.86016451846435,40.94698096642223,0.1261355858567437,1
18,20.48345690546926,36.63781335344359,0.4548037065638372,1
75,23.91380138523887,38.47687559303712,0.32369734562239616,1
52,39.4792309166417,5.770598592453801,0.3389018115812973,2
84,6.472203347815647,37.807034051663365,0.17892592364957438,0
8,31.98174993836854,28.395311483438206,0.36667937953863183,0
68,12.901515820678572,14.82077239007839,0.14500047781268777,1
12,4.5862050936197445,48.11964396869052,0.2846333397175569,1
83,4.781226129301003,16.621859403986765,0.3595464418386669,0
4,13.323610747643311,49.39420162263927,0.2846383618107651,1
76,32.91618615735688,21.320934912230964,0.351550451018054,2
88,9.967813606694664,32.789240321554615,0.0943498429508901,0
44,4.082830911914698,49.769989092324614,0.252966124781443,1
40,46.50657320378016,6.751191160918641,0.3088953690597698,2
73,48.96327466375325,49.5759737773097,0.499915547924762,1
73,5.913035978043774,7.863255649022783,0.09221887946945426,1
90,21.163021415811034,20.73977857375783,0.41693856060611495,2
40,32.855218482158605,8.76889909640654,0.2517809358250984,2
87,49.90748519399645,43.98079025558153,0.36462607315230267,2
52,13.584965090605284,6.499228999815754,0.10482182910224125,2
15,34.99835721284106,12.10492178566912,0.35622647525624723,0
57,24.047534331589297,16.95951061947251,0.1551107168125771,2
35,39.316978578114195,35.71929083821244,0.27941587175631916,2
60,20.398668822631265,48.53301572000325,0.45302509324373047,1
72,9.296988143193918,0.8131456696437445,0.23471123383076614,2
48,28.115569013470733,37.23445453213376,0.4449790282362112,1
39,24.968502394459463,33.64339692156943,0.32362281139270493,1
80,4.945036107859746,8.489651209795978,0.3661545946113188,0
86,10.286256677339999,25.948277079254666,0.3998633993137062,0
45,17.11605160709777,17.181288952141454,0.3940023832881808,1
80,2.354312097687,35.20588900645568,0.2829559595367557,0
2,25.020834105489858,32.99505315244017,0.05875559532580721,1
30,26.798966172230788,2.3535128343255494,0.20537464498057495,2
16,10.332454779087719,16.468549282340987,0.3043659741819882,1
20,35.808083113991884,40.28809856444055,0.24665560106387519,1
7,23.52618032853751,45.81683819096277,0.31098342938059986,1
85,48.25665524609581,43.120183369310524,0.4005131803355983,2
74,10.155276135703012,11.839219934092531,0.14373881001759184,1
11,16.004510118273114,30.276137842383783,0.14927563637935587,1
54,47.000774183351815,32.37396264551754,0.43248703305652747,2
63,36.95014482979906,36.7943189978782,0.2672600501810452,2
49,15.672607893946488,48.91388869863914,0.4183970364380891,1
13,19.167800335930423,38.41698687896003,0.31576646735082414,1
29,40.41451957765832,38.81266263427596,0.32363769234516276,2
35,40.198210932329175,25.814506505537693,0.1825720084333946,2
8,38.59549452988441,18.05919301757934,0.24521808486375662,0
26,11.946536518411694,2.1314878265693284,0.21444391227245058,2
73,44.298674040249615,33.79097870820612,0.13043097163371936,2
83,19.264231250645548,6.054118456653174,0.12853769103864066,2
76,39.033304300761685,34.284935692234725,0.3448319067684851,2
76,7.748290477504016,42.44004752207304,0.28267698970901484,1
14,26.46623829049164,19.649596549952893,0.10715170886151595,0
90,0.35808792973663905,24.738444063795573,0.34840598718194854,0
52,31.952659187192562,23.874914706187795,0.09968649327567433,2
72,7.089087285670526,22.469934046290607,0.4435859137326775,1
3,3.7809995113871784,29.237180817099777,0.3427921249519132,1
54,7.079802426580767,27.50669882147695,0.43884366021765325,1
75,46.568813741567176,7.956380303408378,0.14389213868097486,2
48,17.420906787181767,49.50171463043805,0.4161102464212652,1
19,13.848845434444746,6.775776191266397,0.34779216783450184,0
87,44.445518823643724,39.933291390524786,0.11805833738246749,2
9,49.49958283068806,6.422552557864186,0.307670434950307,0
47,2.180598299283043,31.705847325725937,0.32570453301017044,1
11,40.30309609744409,43.43331099131721,0.1749404185895017,1
61,25.56767627535362,35.23457172475671,0.3831312547267081,1
17,2.2120736501007157,19.141585541222884,0.4244161045387808,1
62,28.778960493552542,27.075986084764658,0.49663852919783724,2
6,34.451803072958995,14.029759354540122,0.32441370459815394,0
22,39.919156299565536,38.00973173406902,0.46113897886621363,2
37,41.36595944006445,34.93637225036625,0.4698865074941051,2
22,39.19976339227757,45.37302670777046,0.1151693318483786,1
22,26.26149446293658,40.39527884493246,0.3017321743216555,1
54,32.681554110914504,16.409329687969244,0.34917425996987345,2
85,33.43305419282414,14.706396253196068,0.1680289925653204,2
24,44.5419746875911,8.411837939086691,0.28770725722447354,2
93,3.2571209994539774,8.148554449167078,0.22982321608763584,0
14,29.898400743591253,21.26477319421734,0.4985140334157122,0
14,18.437003522061296,28.000109920086363,0.24329721665315046,1
87,14.489739924491868,1.0297660980910894,0.12213763212336537,2
23,46.848488473958696,29.34601380051841,0.3600803591843298,2
19,5.293213354889648,17.910766925385406,0.06934976355977213,1
82,30.247756440383366,20.251446736935787,0.4894231518488754,2
67,41.680087755131076,47.54588655402972,0.09500354490105428,1
44,9.387110613965588,14.68897628333713,0.4788239745198246,1
3,29.79517481121411,15.478470534007926,0.24134118134358407,0
26,39.50184479784031,49.442514984236574,0.3599799948311914,1
9,7.5958891738316385,28.76900291044075,0.47119322414319237,1
0,13.298205021914782,43.64344056629823,0.34175041209260204,1
74,6.083229178791566,14.91001935533751,0.16634964354814166,1
96,2.414397457940032,49.01425266000525,0.08630279814573608,0
66,42.24076539793034,24.48918330937731,0.1163646077552401,2
34,41.59913828241075,1.0964755210496613,0.06631169896469917,2
67,4.877804235004513,25.9698484879748,0.09266573282597114,1
44,26.02147926299375,33.71690385252045,0.21486962636401002,1
54,49.266812069139995,43.94753061690107,0.17550534367489085,2
85,21.26418065056706,2.0562201789547983,0.19807635765811232,2
56,27.57862693625152,15.238720134335665,0.1359534131257758,2
33,29.348274544867355,49.11146013486834,0.20553301811847108,1
12,41.69455804340026,45.75094480719568,0.13868901535585426,1
51,6.163352348327367,27.866136000200818,0.1542839615748729,1
44,48.29890954855834,47.505523880412035,0.2735770143772224,2
85,0.6468560422907332,21.951811504854124,0.14808184779383485,0
91,3.2435867885543535,41.00908693617759,0.1941792252550621,0
89,16.00993652646588,37.33531574999866,0.44828008320057955,0
34,30.969734389123154,19.94389998681763,0.30844988561686076,2
18,26.183771443235788,19.456950721269827,0.07613607092976418,0
85,36.60513387763461,2.8801260356765668,0.13231446896872728,2
2,44.01447781435097,37.03436401500101,0.07409771541530634,0
75,26.42988072150812,16.404046759441965,0.1605278677542562,2
76,47.65094261320446,46.60026824497277,0.08703772173619159,2
29,0.6320853109892222,13.76832403677154,0.3536654507874769,1
36,14.862312146956585,26.70697513058013,0.2896194688803929,1
73,43.639827331907114,14.693106322439863,0.1745512129920142,2
27,31.12438841926652,12.97697154341894,0.36805092982856485,2
94,20.873257057877602,32.47161460008145,0.16223686505569165,0
15,21.474918242387105,8.18862061505098,0.20876195316680612,0
56,42.784750483496275,38.09071422337383,0.22656818579257332,2
37,6.896982966575161,25.931816493817593,0.30687111181233,1
38,29.76574630513291,48.4773332665015,0.3889131452850287,1
8,47.877321882097846,5.784729327132726,0.10916020783205894,0
0,10.413100688371928,34.97199141953405,0.37902680348010603,1
3,32.21221246001748,6.9730880080563935,0.28572503310412634,0
23,15.592234728583371,3.5787249916766517,0.059264377300327076,2
41,22.765623860257634,35.27515803172775,0.2842674050090388,1
41,45.5323558146868,33.93258284447588,0.18282070565147535,2
93,49.3678545997396,39.11937942328076,0.1406374030737946,2
0,23.63607245006285,40.63297373006782,0.09733020848947965,1
2,1.5733585292025454,40.215207594403005,0.3666422326732092,1
47,29.545543441196237,22.4733025307912,0.3338458971852684,2
27,14.731782823503192,8.491920084839604,0.37084835154657625,2
73,9.41345946731127,33.28422656244608,0.450266576336006,1
45,44.67800422383803,20.528139408695694,0.22433226412052998,2
43,8.994306418938569,14.062187806785648,0.11460396541828113,1
71,7.16476433614614,12.356299144801868,0.221887921928409,1
34,13.407613279509413,34.14826589437986,0.4018927572353339,1
80,15.286269420501014,19.754720015754057,0.4798953407038185,0
90,41.05748502198817,28.832572436969357,0.29164616569007595,2
86,36.58585050142129,14.849020563365183,0.4402503176743963,2
90,15.89374022316572,49.16112001503619,0.49299649298966763,0
80,25.702104657869164,8.034115673948438,0.08642870653188839,2
66,17.504809398808973,19.439329752640788,0.44345800695184756,1
29,16.136600506782546,7.514588720818466,0.31473938176943644,2
63,44.85557415034051,13.865360558744937,0.43913562587017635,2
32,19.409270652302997,21.285785050195134,0.3765457996716195,1
49,47.65583560143652,48.633199732650326,0.3017882363561666,1
70,1.6043678322608002,25.333782508963854,0.2375928374272408,1
50,35.13753374707222,28.56790850818991,0.42027304527475234,2
54,28.740854429857272,33.10464625808991,0.4462254811107039,1
21,37.85511535915689,17.41978602435529,0.3107610604644627,2
21,41.234482691211305,17.17186952445367,0.18298391533552616,2
3,4.636610197023044,46.241377939587956,0.2254745438715245,1
78,23.608897331945123,27.454745234117727,0.28446226666587726,1
5,17.627965394148966,46.236085633503954,0.299506422396049,1
31,1.3251331316999182,13.72392264948797,0.24796316995790912,1
2,18.652969596510395,49.14356862549228,0.33743673513185707,1
49,19.68322726928273,46.97557595243596,0.1137324964527775,1
45,14.976837675435961,36.19717986941703,0.39068194324492556,1
80,12.828159640865517,39.38675624014598,0.3050279875680468,0
73,30.04049611679294,38.871444540649534,0.1501727672771639,1
41,37.95525304341761,33.41408823420285,0.22417784070963387,2
20,4.530387760382953,32.84105128380833,0.39452369400202475,1
77,13.955132823282435,46.21561691620733,0.2286771915460799,1
41,2.146745256464555,45.38867507078216,0.43924191806626806,1
5,36.22831250101676,14.344544832673039,0.05141298673409994,0
47,1.627569330101264,9.847951071558203,0.16574893639120664,1
99,32.25977481195346,25.75153976420269,0.06537795539837818,2
61,41.150417120817195,43.257988580939006,0.07331381229241939,1
86,0.7085465986451822,38.263455068028726,0.19147457972134468,0
88,32.05328973712969,2.24485878606836,0.4253674033270655,2
3,16.935485325978906,18.200253869755993,0.3878975554228641,1
58,45.306525302023346,47.17175619717889,0.38032837040577105,1
92,49.82339965919704,8.5304352328473,0.12564605554791664,2
31,44.06999011754849,46.160152414872954,0.06476336054370115,1
69,45.94072415037844,0.7966448386218128,0.3928095591105237,2
89,24.978262035120313,49.07476122510654,0.39731719075673394,0
82,33.07201337144699,40.40195636554441,0.18994969711439708,0
86,6.585207713069574,48.486391597666454,0.3874511906087309,0
12,49.4255278925996,21.687099480135853,0.0939638303070053,0
54,35.35878574681468,33.26020952443894,0.17061775854014521,2
43,23.666246022509558,27.20359376369248,0.16720827388839724,1
81,46.62204095287046,42.603290110487414,0.3584897601660649,2
100,26.335342371977845,43.883696586366646,0.16732492904405488,0
88,11.720720989953753,44.84422180976989,0.20410143037847245,0
67,38.34021589394791,3.4536760922314116,0.35704827442142445,2
90,28.343053265678662,10.788298072712909,0.48638324296739266,2
4,8.746513141477502,22.215228941996497,0.22374666134394516,1
31,20.769497666750812,27.80118920648189,0.14260940976412084,1
63,25.772354574940575,39.337495354350054,0.461677108756841,1
97,29.01522057935024,18.553155495930017,0.05042906030091718,2
73,1.2964978095139579,13.633168316469114,0.31775082798997384,1
57,38.10824974649841,40.86081992993686,0.24042353693553614,1
56,22.87591592310625,33.52286976722771,0.33889569343187037,1
68,24.302202098982935,49.11594188228461,0.4415743055270472,1
96,19.330561877713492,18.31002512088836,0.34725312515287576,2
72,32.556025781783156,0.10550603298912775,0.09987418883076322,2
73,14.080637608799734,46.39039060280751,0.32049708441765684,1
79,3.464209633204851,8.200410200715403,0.40725177148702413,1
14,2.963695074411615,35.02303855544378,0.36500038918922284,1
41,32.73858265869773,36.64911058676631,0.1257798880491602,1
54,0.9246977605499807,3.1209539160564512,0.20535526703466145,1
66,11.09279689779542,29.140037644262506,0.42492581651195216,1
93,47.52497313931962,7.754676224418083,0.4904313932976997,2
22,33.47224582142393,30.6488942982645,0.08128641199870379,2
39,2.6336872024892544,23.056597155704097,0.16493508115752825,1
70,43.045699177975486,28.00255122923485,0.42865706111492224,2
47,45.37586352724399,37.51456390145752,0.40783655595894186,2
58,20.113083151583805,43.71951635177646,0.3864621099688659,1
61,3.11487835892153,13.88747503190621,0.3841944618532885,1
17,15.019927022985808,43.209572324768054,0.2794440783568094,1
73,18.558758958523526,48.90964027246009,0.0776885915480301,1
70,48.917023471557904,49.78499481142832,0.23777406661537032,1
16,22.296739517425273,0.7676374720581913,0.056155359284732274,0
16,32.9928877549959,7.517384898069579,0.4478993213280832,0
78,45.98463613806884,7.9251628900108955,0.06043702427918824,2
30,6.731485491551171,49.6071792868796,0.4840994038596576,1
58,20.939880281171646,35.68512331470955,0.10138864229454637,1
96,36.92008049875752,32.97129500720125,0.06820032592221151,2
38,46.175332867467034,29.332513596363256,0.07015469213736826,2
45,44.662220769059005,19.106470269954134,0.21893130379108822,2
72,47.12571895089774,11.30960938180609,0.24757085587946265,2
91,44.42935300459807,26.317560457419624,0.09651165064105188,2
12,30.574260999575557,15.942946328283519,0.3958210168944651,0
49,9.57731046260643,7.09312593059741,0.08952816117942092,2
40,21.334484397314764,3.0114308958862743,0.2918808126170856,2
37,11.326352726933337,4.671706397957931,0.11173839429464258,2
27,20.566203698847524,27.035548482374494,0.19214472241884317,1
38,28.860640127012577,4.083358473260146,0.14730088884912046,2
27,46.38287848569331,0.2671653035115573,0.21722690074904288,2
30,48.122439244479395,2.27966290433097,0.34418971014532884,2
65,31.453809172020847,17.81325001901018,0.2771011757391925,2
36,13.31801312500916,5.818444110884946,0.1526921680705789,2
58,44.18663382993788,13.625777335788225,0.17533512892514336,2
97,10.073283086192447,1.9882967620810765,0.4318960686189272,2
5,34.53541264447712,38.22937991764523,0.2522760145990626,1
2,35.651720687418155,47.192365775648774,0.4965686054298763,1
37,7.7274587983818925,18.485385466371707,0.16618820913603302,1
45,0.5995449734288061,41.36880390102517,0.28653279757723077,1
72,37.534358135249455,33.98627281721908,0.20810702765290695,2
80,41.77541535137282,8.17817726234754,0.13645572873364675,2
54,35.93003853342778,28.322405051181086,0.2949515632647096,2
30,31.695717089466402,36.71876471872004,0.399795002512746,1
64,41.80205597506281,19.285652877564075,0.21372558290253513,2
20,7.444087850744912,46.941910253252544,0.18211998065106633,1
34,40.52761599056871,47.01307034283465,0.16095956406446132,1
41,28.296220945155103,32.78072513127887,0.29172774435145754,1
78,30.242930573944456,31.241517884523816,0.14348058705041739,1
28,5.686411237100869,28.038522850370562,0.2863775758323331,1
79,26.528402866707136,6.722088061123293,0.23783804282294324,2
3,8.71661231324824,33.57125075134073,0.11505926269993566,1
57,44.61904114984334,49.965541420117944,0.3033139845442521,1
2,1.7728950992010717,19.36577485342536,0.3230679417670455,1
79,8.950408714106706,2.419471619092933,0.15958964843295895,2
73,23.81182890996616,34.241528270554056,0.29758084175614463,1
54,7.739285714569316,42.99704574617586,0.18033839099503407,1
78,33.515818572784404,30.210972184731794,0.17622203968553807,2
13,20.344141593392308,19.688972930130287,0.07084175987598683,0
94,24.55006004447381,42.62187219689865,0.46230863969462926,0
89,37.5662553777901,23.105128722381394,0.4406280197279936,2
12,17.093255360340937,46.9280272277505,0.09981127119789968,1
45,45.95607233193807,15.941609576932148,0.058212448041920106,2
11,36.781056767451176,8.278251883569954,0.0871559497656896,0
53,44.099651604723945,46.45641245691704,0.2562249622195689,1
58,26.72307188691296,46.066476656143,0.3416553253068235,1
25,42.90092243082938,18.772983816700133,0.3738290755917318,2
35,48.053108890621125,37.982268851639404,0.05873954088782183,2
1,8.98350429917587,37.38698819757959,0.4207520069940593,1
18,26.03899194266871,47.79253249373648,0.11114618082189012,1
5,11.263814957276514,42.37718750234278,0.19526625765183403,1
35,45.38229036370493,27.642909799547223,0.19983233164247916,2
4,13.856937763761511,46.62733054016094,0.3161611627265923,1
18,24.15998915804998,29.372231127672432,0.19617301365477458,1
15,15.807414542398924,7.026666800758213,0.13071202024186923,0
92,28.918579437693857,21.47720097616893,0.30049239143903533,2
13,27.429649881082558,47.604002043620625,0.4579525430296569,1
42,42.20688719859258,9.23470774618882,0.48687587684649486,2
36,29.668069148014126,29.828809294661475,0.2373607668832058,1
22,39.177418794733256,36.33322767857034,0.3402806181925845,2
79,25.589345240702784,48.33135930063383,0.4532788649247746,1
64,49.838102248525004,24.44076854277954,0.44099945003585467,2
91,19.266065626822463,13.849185325962853,0.26306958530583563,2
55,49.7919303094184,26.216616372711727,0.48267208985527993,2
81,19.676713366008126,12.18212402370747,0.12499910794179758,2
59,12.853086454199437,6.105998813385227,0.26553331512026046,2
46,4.855562286599724,27.417890553150897,0.4191143683309489,1
62,20.02593099049016,48.08553821184109,0.13880510042968816,1
68,17.057114736685243,24.950940846907866,0.3417261450143852,1
24,2.5546142406483785,33.00345839567902,0.49601895365420007,1
3,42.6449112342146,17.71724290500469,0.37845340797952537,0
47,6.281274617574822,9.607761923490814,0.29475337520023337,1
97,12.492176880474409,13.699948764429204,0.25692680268627455,0
2,26.087848235001093,15.554529723231909,0.12864585700010897,0
19,5.266425194536045,31.58698244225234,0.4596948365155862,1
21,3.7929411277049683,22.074692732094476,0.3537826853700697,1
87,33.48869389344666,24.43526869056443,0.1876590520723414,2
72,20.900584436897184,4.912070496650123,0.46224507220924504,2
0,18.597326191921386,29.89734983260128,0.20850929419551234,1
